days,ABU,AFG,ALD,ANH,ARG,AST,ATJ,AUS,AWA,BAD,BAL,BAS,BAV,BEL,BER,BHO,BHU,BIK,BOH,BOL,BRA,BRE,BRU,BRZ,BUK,BUN,BUR,CAM,CHI,CHL,CLM,COB,DAI,DEN,ECU,EGY,ENG,ETH,FRA,FRM,GER,GRE,GWA,GXI,HAI,HAM,HAN,HAW,HDJ,HEK,HES,HOL,HYD,IND,ION,ITA,JAI,JAP,JAS,JOD,JOH,KAL,KHI,KOK,KOR,KRA,KUK,KUT,LIB,LIP,LUA,LUB,LUC,LUX,MAD,MAK,MCK,MEC,MEI,MEW,MEX,MGL,MOD,MOL,MON,MOR,MYS,NAG,NAS,NEJ,NEP,NET,NGF,OLD,OMA,ORA,ORI,PAN,PAP,PAR,PER,PEU,POR,PRG,PRU,RUS,SAR,SAX,SER,SIA,SIC,SIK,SIN,SOK,SPA,SWE,SWI,TIB,TRA,TRN,TUR,TUS,UCA,URU,USA,VNZ,WAL,WEI,WUR,XBI,XIN,YEM,YNN,ZUL
1494,1,111,10,9,29,,28,3257,459,97,26,22,302,473,228,18,1,53,,66,12,16,7,310,44,94,162,93,7733,37,61,22,228,113,32,356,13097,107,4134,21,,63,22,4476,12,20,103,2,8,56,116,22,556,77,10,,133,861,24,101,16,3,13,36,399,42,,7,23,6,32,1,29,10,144,2,550,36,15,53,360,96,55,103,5,28,115,171,47,6,16,1172,,29,26,19,25,255,345,26,284,58,322,29,1371,4604,273,130,58,222,518,0,53,178,888,384,107,61,56,15,1819,157,103,6,1558,44,79,74,149,1292,56,7,1664,9
3446,1,113,10,11,32,,19,3253,424,147,24,22,435,692,242,11,1,51,,104,27,2,7,363,37,88,201,94,8400,43,70,22,247,101,45,387,14636,103,4524,29,,72,36,4800,20,50,91,4,8,67,101,26,562,78,11,,129,924,18,130,17,3,14,34,425,48,,14,27,10,,6,5,8,192,2,553,54,13,71,351,98,51,84,5,31,117,160,32,6,44,1111,,33,25,17,45,306,324,49,322,49,42,34,1479,5009,338,136,58,208,567,0,56,188,827,334,200,60,46,14,1599,177,147,8,1534,48,94,72,127,1526,83,10,1735,
5148,1,93,,12,49,,24,3561,458,181,29,29,477,495,326,18,1,63,,67,31,1,7,300,44,80,169,94,8714,42,53,30,319,130,40,435,14520,106,4815,24,,100,80,5106,28,35,103,6,6,67,109,23,498,78,20,,163,1016,22,193,,3,13,23,418,47,,16,29,13,,0,18,12,157,2,681,47,13,89,298,136,53,88,8,64,65,169,32,11,52,1469,,24,23,28,33,297,371,15,471,40,167,28,1637,5953,393,122,38,153,1080,0,54,67,1504,368,205,55,47,14,1596,158,122,18,1699,75,74,45,148,1344,57,7,1776,
7114,1,80,,19,51,,12,2847,238,119,24,,268,467,279,10,1,18,,111,33,1,4,409,47,64,232,95,7260,48,65,31,299,123,44,380,12975,96,4908,20,,52,104,3518,25,28,133,4,6,48,30,22,262,66,20,,85,1218,17,196,,3,10,25,383,40,,8,15,12,,0,4,9,130,1,467,46,9,98,488,68,23,77,6,39,32,151,21,7,33,1118,,11,26,21,27,202,356,8,300,43,222,25,1197,5223,329,63,49,193,1303,0,55,119,1372,396,227,59,88,18,1147,120,118,15,1429,48,112,41,40,886,41,7,1317,
9166,1,61,,24,62,,14,4056,370,236,22,,778,762,412,42,1,64,,125,40,2,5,520,91,80,194,91,9837,75,73,38,265,180,48,305,15816,90,5616,11,,106,,4447,35,42,285,9,5,117,140,30,471,67,20,,175,1331,33,202,,2,18,25,410,103,,15,24,27,,2,5,19,122,2,601,73,18,111,570,106,60,134,5,68,59,169,43,5,53,1578,,21,23,36,23,412,403,14,404,96,253,51,2189,6829,383,171,72,270,1648,0,56,140,1919,1023,307,47,78,28,2051,189,129,23,2701,67,175,54,132,1589,69,7,1772,
10684,0,0,,,69,,12,4871,400,225,23,,1202,1014,378,43,1,71,,123,,,6,516,62,74,205,79,9994,76,66,,181,108,60,141,15628,175,8371,,,177,,4451,62,,,,4,,,,414,81,,,114,1718,31,152,,2,12,11,560,112,,16,35,,,,4,21,,2,666,,,84,569,84,68,122,6,24,72,188,,3,60,2578,3296,,21,42,29,386,452,13,485,90,249,39,,6409,469,,75,245,2011,0,48,104,2159,967,340,34,83,25,2073,134,118,16,4118,67,192,,142,1475,66,6,1758,
12441,0,74,,,76,,14,,580,,22,,,1096,713,56,1,102,,152,,,6,727,69,116,257,88,10458,109,78,,187,210,64,157,17839,180,10761,,9773,237,,5107,79,,,,4,,,,522,87,,5486,250,1946,58,240,,2,15,20,597,95,4689,19,55,,,,,34,,2,774,,,129,592,98,,204,12,69,75,348,,2,91,3200,,,20,51,37,452,,,602,93,413,57,,6826,,,95,279,,0,51,119,2314,1109,475,31,108,44,2219,,148,20,5251,107,248,,,1408,72,5,1918,
13454,0,77,,,75,,13,,543,,18,,,808,569,61,2,94,,147,,,5,1041,71,129,272,84,9914,120,89,,187,238,64,169,18398,154,12046,,11763,237,,5293,88,,,,4,,,,767,88,,5264,265,1916,51,357,,3,15,21,664,80,4785,22,56,,,,,45,,3,684,,,229,612,103,,210,12,50,90,394,,,108,3334,,,17,57,40,494,,,533,103,257,61,,7162,,,66,289,,0,40,95,2548,1172,530,31,150,48,2261,,165,17,5981,113,252,,,1298,80,4,1967,
14291,0,70,,,61,,14,,536,,17,,,837,309,8,1,76,,144,,,5,1019,77,133,275,76,9158,100,86,,203,261,54,161,17764,166,12448,,12041,274,,5045,91,,,,5,,,,680,82,,8399,214,1846,50,304,,,11,29,641,93,4630,20,55,,,,,46,,3,746,,,239,623,95,,216,11,52,86,533,,,118,3084,,,21,80,40,417,,,531,110,309,61,,7593,,,76,289,,0,40,127,2407,1261,509,37,139,49,2259,,177,24,6700,123,246,,,1076,83,5,1644,
16429,0,67,,,64,33,12,,588,,18,,,815,358,10,1,80,,167,,,6,1053,60,124,211,86,9661,121,105,,167,317,69,206,18588,169,14496,,6685,186,,5391,92,,,,3,,,,411,75,,9709,130,3138,47,274,,,10,24,524,87,4984,18,42,,,,,38,,3,544,,,144,527,98,,115,5,21,70,329,,,126,3308,,,16,75,,371,,,608,105,299,32,,9259,,,94,235,,0,39,,3304,1234,791,21,116,33,1922,,182,21,7021,121,204,,,1094,75,4,2111,
17949,0,73,,,44,43,12,,778,,20,,,605,289,14,1,97,,74,,,9,1111,53,98,245,80,10704,149,127,,163,238,55,207,22409,204,15663,,11423,192,,6118,106,,,,4,,,,411,105,,12237,181,3272,51,279,,,11,28,584,120,5680,19,45,,,,,71,,,524,,,137,571,101,,134,13,,102,327,,,112,4482,,,22,110,,206,,,710,81,269,33,,10182,,,83,196,,0,35,,3435,1316,932,16,71,46,2928,,177,35,8918,135,209,,,1249,86,3,2204,
19785,0,59,,,63,115,12,,664,,14,,,946,271,5,1,30,,146,,,4,1557,54,125,452,113,9112,168,247,,163,412,58,172,26063,239,17927,,10574,219,,5442,91,,,,3,,,,299,32,,14818,223,4593,9,284,,,10,14,434,151,8060,6,24,,,,,49,,,408,,,84,631,54,,98,14,,59,234,,,67,3855,,,15,154,,236,,,622,124,246,47,,12550,,,112,157,,0,,,3239,1798,1111,15,36,74,4203,,158,23,13112,136,160,,,792,31,4,1840,
21590,0,52,,,78,,10,,507,,13,,,666,385,5,0,19,,104,,,3,1602,48,84,309,107,7016,309,273,,154,393,68,185,31065,199,15959,,8913,199,,3624,108,,,,3,,,,394,51,,15472,211,5290,10,403,,,12,11,439,259,9631,10,0,,,,,58,,,241,,,144,785,52,,323,11,,82,136,,,64,4381,,,15,147,,248,,,764,94,266,83,,13258,,,94,137,,0,,,3215,1525,843,14,37,69,4006,,156,45,14217,181,188,,,608,54,3,1515,
23396,0,64,,,95,,15,,1414,,16,,,1296,667,9,0,32,,130,,,5,3075,47,119,485,126,8697,354,352,,171,302,85,369,43926,204,18071,,19521,101,,5131,137,,,,3,,,,471,92,,26139,852,8336,16,1252,,,10,15,410,179,15222,22,44,,,,,61,,,455,,,433,1227,64,,481,24,,110,116,,,96,5585,,,13,227,,292,,,1291,118,383,106,,18050,,,119,173,,0,42,,3344,1884,1132,17,176,77,4256,,282,49,19094,214,366,,,697,70,7,1800,
25220,0,114,,,115,,9,,2012,,24,,,1595,821,7,0,22,,93,,,5,3341,6,166,554,239,6685,376,410,,172,368,77,335,54248,90,18837,,25107,81,,4510,198,,,,3,,,,409,171,,26876,805,8704,15,625,,,20,10,498,217,16769,19,5,,,,,82,,,357,,,302,1366,95,,366,15,,103,91,,,81,4325,,,14,122,,231,,,1867,183,301,131,,21518,,,125,158,,0,39,,3334,2532,1507,31,49,104,4131,,178,56,21580,254,410,,,589,72,3,1921,
27071,0,142,,,206,,12,,2094,,35,,,1666,838,6,0,31,,184,,,11,4323,16,217,689,311,6104,462,432,,195,392,97,339,62384,137,21353,,30025,138,,9308,271,,,,2,,,,801,213,,39424,966,12412,12,876,,,21,37,903,235,20518,15,12,,,,,110,,,503,,,557,2016,89,,844,26,,119,95,,,78,7424,,,15,153,,230,,,2904,243,620,166,,27431,,,148,399,,0,,,3763,2132,1613,7,144,131,4956,,478,71,30635,386,500,,,1132,123,4,2213,
28965,0,92,,,189,,12,,2682,,23,,,1301,898,16,1,29,7717,167,,,9,5914,,254,919,607,11276,487,443,,214,322,130,390,66835,149,13246,,8613,114,,6587,147,,,,4,,,,1516,258,,46712,2030,12941,14,1029,,,20,50,534,290,12632,45,0,,,,,158,,,552,,,1054,2081,40,,372,21,,146,83,,,95,8982,,,10,153,,220,,,3178,264,527,186,,27464,,,179,384,,0,,,4398,3016,3051,8,282,61,4643,,454,78,34771,378,424,,,509,114,2,,
29961,0,206,,,227,,15,,2823,,30,,,1238,854,12,1,89,7645,248,,,10,7131,,246,653,602,17824,712,600,,609,335,142,379,52259,246,19453,,19715,80,,,122,,,,2,,,,1397,216,,43498,1515,11855,0,666,,,18,54,743,312,11909,56,0,,,,,151,,,827,,,956,2150,63,,332,13,,156,156,,,91,9363,,,15,155,,194,,,3660,317,491,225,,29145,,,187,448,,0,,,4408,3471,2828,3,527,511,5317,,418,95,27586,535,549,,,1373,113,2,,
30326,0,229,,,247,,16,,3379,,36,,,1392,803,17,1,84,7580,264,,,12,7326,,267,653,594,18573,703,613,,579,283,153,362,36311,243,24249,,19075,211,,,132,,,,2,,,,1416,182,,39724,2686,11462,0,1160,,,18,63,1071,304,12039,51,0,,,,,125,,,911,,,1770,2188,71,,328,14,,164,155,,,100,9041,,,12,163,,185,,,3947,336,658,271,,30482,,,181,455,,0,,,4952,3491,2733,3,387,712,5274,,420,84,25934,733,594,,,1437,121,2,,
30691,0,215,,,249,,16,,2936,,33,,,1375,796,11,1,83,7641,281,,,12,7661,,323,826,267,21768,729,690,,605,260,164,361,34382,243,24509,,19080,226,,,134,,,,6,,,,1433,475,,39890,1964,11879,0,1026,,,20,64,1118,300,11696,43,0,,,,,132,,,985,,,1338,2173,71,,306,15,,265,137,,,172,8777,,,14,178,,184,,,4017,336,683,293,,31369,,,189,565,,0,,,5125,3193,2846,2,568,715,5465,,482,74,24572,724,604,,,1421,113,2,,
30693,0,215,,,252,,16,,2903,,33,,,1390,796,11,1,83,7620,284,,,13,7686,,325,818,259,21618,726,709,,608,266,166,371,33088,245,25149,,19009,218,,,133,,,,4,,,,1424,474,,39906,1949,11729,0,1015,,,21,63,1194,322,11759,43,0,,,,,133,,,929,,,1313,2173,71,,302,15,,247,141,,,184,8874,,,14,176,,200,,,4010,337,687,295,,31007,,,187,575,,0,,,5056,3222,2695,2,554,707,5504,,478,74,24556,725,596,,,1373,116,2,,
