Страна,ВВП,Отношение к общему ВВП (%),Население,Отношение к общему населению (%),ВВП на душу населения,Скорость обращения накоплений(x100),Промежуточное потребление,Доля промышленности,Стоимость гос. субсидий,Доля субсируемых предприятий (%),Средняя доходность предприятия,Средняя рентабельность предприятия (%),Индекс Джини,Валовый выпуск,Занятость на фабриках,Безработица на заводах,Средняя занятость добывающего сектора,Безработица на добывающем секторе,Средняя з/п рабочего на фабрике,Средний доход капиталиста,Общее число рабочего населения,Количество свободных рабочих мест на фабриках,Грамотность,Диверсифицированность экономики,Наземный бюджет,Иновационность армии,Морской бюджет,Иновационность флота,Золотой запас,Золотодобыча,Доля ввп в 4-x крупнейших регионах,Размер страны в регионах,Экономическая плотность (ввп на регион),Плотность населения (население на регион),Тип правления,Общая денежная масса,Средние сбережения населения,Запасы гос.банка
Глобальные показатели,462769,100.0,2098432188,100.0,22.053,9.773,360954,0.093,76.797,12.563,11.89,-6.48,0.463,1059057,53716604,40093396.0,40.008,364636724.0,7.838,1.475,303.269,418353328,56.528,149.874,61328,26.957,46444,13.374,304138891.769,8704,0.895,659,318.868,2419663.774,unkwonw,311072594.799,0.119,6637981.03
GER,91838,19.85,119210944,5.68,77.038,0.341,93947,0.87,0.0,0.0,373.41,59.1,0.829,198343,11790342,5.14,11047433.0,19.32,10.358,2582.6,22837775.0,7159658,97.09,0.005,9985,40.0,6892,34.0,25416467.296,668,0.364,32,2869.938,3725342.0,democracy,26949009.356,0.511,1471585.06
SPC,59684,12.9,167640772,7.99,35.602,0.277,45336,0.61,0.0,0.0,174.712,52.8,0.62,130496,6775206,3.24,28808494.0,6.18,9.37,2931.7,35583700.0,3544794,82.7,0.006,3301,40.0,11881,36.0,21165845.249,212,0.315,57,1047.088,2941066.0,hms_government,21553041.269,0.196,354258.02
USA,58468,12.63,123501240,5.89,47.342,0.2,59689,0.72,2163.384,29.0,94.999,46.5,0.751,131387,9323338,14.27,15452384.0,3.81,6.738,1631.9,24775722.0,4696662,99.35,0.005,5623,40.0,884,36.0,27998671.188,1008,0.326,45,1299.289,2744472.0,democracy,29211377.128,0.324,1172658.94
KUK,38768,8.38,101250380,4.83,38.289,0.152,31974,0.62,488.532,22.81,105.354,52.0,0.656,83522,4954221,0.92,14738554.0,13.37,7.388,2529.1,19692775.0,3325779,88.69,0.004,9026,40.0,13,24.0,25380226.874,273,0.427,32,1211.5,3164074.0,democracy,25561662.134,0.091,172175.26
TKG,26918,5.82,72181404,3.44,37.292,0.127,29639,0.44,0.0,0.0,184.16,25.6,0.594,67688,3813418,13.89,11352233.0,1.36,4.95,1381.0,15165651.0,2286582,81.26,0.005,5280,40.0,6312,34.0,21159960.109,604,0.557,14,1922.714,5155814.0,prussian_constitutionalism,21248136.529,0.286,67509.42
NET,24709,5.34,97240852,4.63,25.41,0.166,9683,0.31,0.0,0.0,217.567,56.0,0.526,42502,1374855,0.0,18462977.0,12.75,10.018,4121.5,19837832.0,925145,76.48,0.006,2087,40.0,3281,36.0,14114166.118,1580,0.543,28,882.464,3472887.0,hms_government,14860462.708,0.239,723010.59
FRA,21749,4.7,55929540,2.67,38.886,0.269,15211,0.6,93.528,6.12,74.791,56.5,0.619,49840,2042099,29.19,8646814.0,5.64,10.994,3098.6,10688913.0,1897901,88.56,0.004,4043,40.0,3688,36.0,7989007.536,261,0.333,31,701.581,1804178.0,democracy,8091125.146,0.215,90112.61
SCA,19089,4.12,58236192,2.78,32.779,0.267,15718,0.51,385.474,34.85,97.034,38.0,0.631,44602,1866207,0.48,10027488.0,11.36,8.474,1558.4,11893695.0,1643793,84.37,0.005,2564,40.0,4326,38.0,6405576.269,469,0.616,18,1060.5,3235344.0,hms_government,7141825.579,0.196,724806.31
HND,9761,2.11,226736132,10.81,4.305,97.729,1248,0.0,0.0,0.0,0.0,0.0,0.457,20356,0,0.0,51473761.0,0.0,0.0,0.0,51473761.0,0,59.94,4.1,46,4.0,78,0.0,1235.291,0,0.66,19,513.737,11933480.0,absolute_monarchy,9987.861,0.039,4.57
POR,9471,2.05,44516476,2.12,21.275,0.152,2673,0.08,132.621,25.0,29.167,20.5,0.443,15502,429459,2.23,9306745.0,4.49,1.639,112.0,9736204.0,400541,57.89,0.007,1479,40.0,4,24.0,6192095.936,0,0.656,20,473.55,2225823.0,democracy,6217850.286,0.177,17878.35
CHI,8855,1.91,295973456,14.1,2.992,92.12,1821,0.0,0.0,0.0,-1.886,-24.7,0.504,30397,54688,89.9,61277033.0,5.81,0.01,0.4,61331721.0,805312,17.54,0.707,32,18.0,0,12.0,1712.431,0,0.373,28,316.25,10570480.0,fascist_dictatorship,9612.431,0.027,0.0
RUS,8852,1.91,93919644,4.48,9.425,35.911,3426,0.14,0.0,0.0,9.902,28.9,0.529,30154,828213,61.85,15152691.0,10.23,2.97,121.5,15980904.0,1541787,61.18,0.019,565,40.0,302,14.0,0.0,94,0.454,36,245.889,2608879.0,fascist_dictatorship,24650.15,0.056,19433.15
ITA,8660,1.87,58289836,2.78,14.857,0.382,3467,0.13,29.627,11.11,46.031,24.9,0.549,25196,1391933,10.77,10061881.0,9.73,1.238,2989.5,11453814.0,478067,76.34,0.007,2556,40.0,1363,20.0,2190005.249,123,0.541,17,509.412,3428813.0,proletarian_dictatorship,2267304.599,0.096,71717.35
CAN,8576,1.85,22698844,1.08,37.782,4.69,17053,0.79,846.627,48.39,60.544,21.0,0.751,27042,3166491,7.82,1668198.0,4.12,3.649,430.4,4834689.0,853509,99.3,0.004,1834,40.0,1033,36.0,118434.068,54,0.601,10,857.6,2269884.0,hms_government,182876.048,0.148,61073.98
ENG,6848,1.48,48958468,2.33,13.987,0.007,2723,0.43,0.0,0.0,254.963,84.1,0.505,22012,526601,87.83,5950445.0,6.45,8.566,0.0,6477046.0,1233399,97.5,0.006,1106,40.0,2576,40.0,97187976.129,0,0.645,9,760.889,5439829.0,proletarian_dictatorship,98405496.359,0.063,1214418.23
UKR,4836,1.05,21387396,1.02,22.611,23.337,855,0.01,70.55,25.0,-2.879,-6.0,0.513,7373,117041,57.75,3881228.0,7.2,1.14,36.0,3998269.0,252959,56.75,0.019,294,40.0,50,14.0,16698.68,0,0.994,5,967.2,4277479.0,democracy,20722.89,0.186,49.21
PEU,4484,0.97,26061332,1.24,17.206,0.082,424,0.0,267.373,50.0,-38.704,-100.0,0.514,10385,305405,71.79,4431645.0,2.86,0.587,100.5,4737050.0,224595,80.31,3.122,805,40.0,264,10.0,5421595.277,723,0.971,6,747.333,4343555.0,democracy,5475265.947,0.151,49724.67
VNZ,2952,0.64,10128448,0.48,29.146,7.477,3296,0.53,0.0,0.0,56.58,29.4,0.634,7080,564032,4.23,1599750.0,2.83,5.195,777.5,2163782.0,455968,77.77,0.002,873,40.0,59,16.0,37101.686,106,0.801,3,984.0,3376149.0,democracy,39483.166,0.234,10.48
HNN,2895,0.63,31888172,1.52,9.079,0.427,41,0.0,0.0,0.0,-0.007,-14.4,0.457,4338,3277,98.42,7093861.0,0.25,0.0,0.0,7097138.0,126723,14.29,1.719,124,12.0,0,10.0,675928.537,0,0.999,3,965.0,10629390.0,presidential_dictatorship,678212.537,0.072,0.0
SIA,2845,0.61,9673544,0.46,29.41,0.085,556,0.0,183.569,70.0,-20.647,-34.9,0.548,4604,120295,20.34,2038569.0,0.06,0.0,0.0,2158864.0,249705,44.92,0.014,443,32.0,336,16.0,3348759.392,263,0.999,4,711.25,2418386.0,prussian_constitutionalism,3351829.272,0.298,183.88
BEL,2774,0.6,6750792,0.32,41.091,0.072,1687,0.63,122.427,50.0,91.044,59.5,0.691,5643,339370,42.18,895974.0,1.43,9.484,2530.4,1235344.0,150630,86.87,0.002,642,40.0,37,26.0,3820327.893,0,0.773,2,1387.0,3375396.0,democracy,3848358.983,0.079,27495.09
MEX,2510,0.54,17293444,0.82,14.514,11.745,2201,0.15,724.102,57.14,-11.742,-21.6,0.567,8277,631674,35.63,2783320.0,0.93,1.581,721.8,3414994.0,638326,71.11,0.008,658,38.0,519,14.0,18647.049,273,0.663,10,251.0,1729344.0,proletarian_dictatorship,21370.659,0.063,1631.61
BRZ,2491,0.54,17541964,0.84,14.2,25.926,444,0.02,59.742,25.81,-3.452,-20.4,0.465,4439,123164,40.05,3666492.0,2.05,0.711,918.1,3789656.0,496836,27.55,0.026,437,40.0,244,8.0,7847.176,0,0.692,12,207.583,1461830.0,presidential_dictatorship,9608.006,0.096,77.83
TUR,2288,0.49,34246256,1.63,6.681,9.83,240,0.0,0.0,0.0,-0.218,-8.4,0.373,8437,1960,99.4,5745642.0,20.98,0.0,0.0,5747602.0,638040,47.48,1.442,357,40.0,0,14.0,56.622,0,0.424,29,78.897,1180905.0,proletarian_dictatorship,23276.472,0.038,21916.85
POL,2193,0.47,9105660,0.43,24.084,30.458,4042,0.06,576.758,50.0,-48.172,-16.7,0.589,6182,398880,9.55,1600300.0,1.56,0.197,144.2,1999180.0,391120,42.19,0.002,438,40.0,0,14.0,1861.211,0,0.993,3,731.0,3035220.0,presidential_dictatorship,7200.121,0.124,4210.91
SAF,2178,0.47,9207344,0.44,23.655,0.128,198,0.03,0.0,0.0,21.475,57.2,0.321,3588,30000,60.15,1846162.0,0.4,4.459,79.7,1876162.0,140000,80.59,0.03,618,40.0,93,20.0,1698825.994,16,0.938,6,363.0,1534557.0,democracy,1702402.134,0.235,1414.14
SXI,1992,0.43,24847860,1.18,8.017,0.152,80,0.0,0.0,0.0,-0.233,-35.4,0.463,3130,183,99.93,5253217.0,1.28,0.0,-0.1,5253400.0,99817,19.34,1.547,175,20.0,0,10.0,1308591.382,0,1.0,2,996.0,12423930.0,presidential_dictatorship,1310243.542,0.063,82.16
ROM,1821,0.39,9935532,0.47,18.328,0.18,1083,0.0,502.501,71.43,-31.198,-61.2,0.557,3395,464036,0.97,1750675.0,0.24,0.0,-3275.8,2214711.0,455964,43.88,0.009,400,40.0,122,16.0,995374.858,0,1.0,4,455.25,2483883.0,absolute_monarchy,1009179.868,0.082,12995.01
ARG,1809,0.39,13983760,0.67,12.936,7.953,287,0.02,6.63,5.88,5.614,19.8,0.394,4701,15327,90.36,2701157.0,2.91,3.557,0.0,2716484.0,324673,81.71,0.069,537,38.0,130,12.0,16954.547,0,0.787,11,164.455,1271250.0,proletarian_dictatorship,22746.917,0.064,4892.37
CHL,1171,0.25,4304228,0.21,27.206,9.869,731,0.41,0.0,0.0,29.233,40.5,0.539,2460,154296,10.34,739775.0,1.64,5.957,614.3,894071.0,275704,86.39,0.003,287,40.0,122,14.0,9940.089,89,0.842,5,234.2,860845.0,democracy,11865.569,0.234,919.48
PZN,1136,0.25,4832608,0.23,23.507,0.111,1532,0.02,526.545,33.33,-236.877,-31.4,0.408,3430,271448,0.0,765958.0,2.12,0.539,409.8,1037406.0,198552,100.0,0.003,475,40.0,0,14.0,1025384.866,0,0.999,1,1136.0,4832608.0,hms_government,1025935.866,0.114,0.0
ARM,1082,0.23,6016896,0.29,17.983,23.696,689,0.02,44.177,20.0,-13.081,-11.6,0.285,2281,84680,17.5,1187113.0,7.52,0.625,0.0,1271793.0,185320,42.87,0.004,106,40.0,232,10.0,2030.218,0,0.983,6,180.333,1002816.0,presidential_dictatorship,4566.118,0.11,1876.9
KOR,1047,0.23,6437252,0.31,16.265,0.588,411,0.0,142.105,83.33,-23.058,-36.1,0.462,1913,98526,39.73,1246991.0,0.0,0.268,64.3,1345517.0,61474,45.82,0.008,202,32.0,7,18.0,176678.979,0,1.0,1,1047.0,6437252.0,prussian_constitutionalism,177943.429,0.11,556.45
AST,1044,0.23,3022704,0.14,34.539,2.063,1360,0.71,35.218,14.29,19.597,27.6,0.751,2677,224566,42.1,300858.0,0.77,6.188,4068.9,525424.0,255434,98.34,0.004,94,40.0,269,34.0,49593.445,111,0.696,6,174.0,503784.0,hms_government,50605.975,0.26,226.53
GRE,937,0.2,5471600,0.26,17.125,6.515,130,0.09,0.0,0.0,26.17,66.7,0.403,1534,19969,50.58,1082345.0,6.12,8.149,93.5,1102314.0,190031,43.67,0.012,255,40.0,27,14.0,13676.588,0,0.919,6,156.167,911933.0,prussian_constitutionalism,14381.628,0.129,0.04
BYE,909,0.2,11197384,0.53,8.118,0.16,382,0.0,274.849,42.86,-45.808,-86.1,0.496,1766,143856,27.26,1759152.0,21.05,0.0,-0.8,1903008.0,166144,49.39,0.039,0,40.0,0,14.0,568321.797,0,0.998,4,227.25,2799346.0,democracy,568775.797,0.041,0.0
CLM,887,0.19,5112644,0.24,17.349,0.399,1711,0.3,553.888,42.86,-14.743,-20.7,0.675,3012,288206,6.54,793044.0,2.44,0.566,198.3,1081250.0,461794,87.11,0.003,290,38.0,179,20.0,150162.173,264,0.967,5,177.4,1022528.0,democracy,222507.273,0.087,71900.1
BUR,843,0.18,9384908,0.45,8.983,0.086,214,0.0,6.62,50.0,-7.518,-45.7,0.501,1991,22240,6.95,2042882.0,0.0,0.17,4.2,2065122.0,87760,71.25,0.055,140,10.0,140,10.0,976573.02,116,1.0,4,210.75,2346227.0,absolute_monarchy,981527.06,0.081,4196.04
RHO,767,0.17,3596584,0.17,21.326,0.128,23,0.0,11.878,100.0,-11.858,-81.2,0.277,1100,1186,0.0,807058.0,2.29,0.083,2.3,808244.0,18814,67.79,0.344,136,40.0,0,32.0,596250.77,0,0.997,4,191.75,899146.0,hms_government,596979.61,0.185,62.84
NZL,761,0.16,4980536,0.24,15.279,0.147,733,0.32,279.2,66.67,-10.414,-17.4,0.66,2339,289851,52.17,505746.0,3.95,1.843,107.1,795597.0,140149,98.4,0.005,242,40.0,184,32.0,515873.504,90,0.892,2,380.5,2490268.0,hms_government,516213.604,0.041,135.1
PER,659,0.14,10888068,0.52,6.052,0.717,26,0.0,0.18,28.57,-0.353,-41.5,0.394,1332,1965,13.63,2455581.0,1.72,0.192,0.0,2457546.0,128035,13.16,0.46,129,10.0,137,10.0,91561.192,0,0.766,9,73.222,1209785.0,absolute_monarchy,91943.412,0.035,0.22
NIC,654,0.14,3881296,0.18,16.85,3.161,255,0.15,0.0,0.0,19.821,24.7,0.259,1694,35406,68.07,710082.0,0.48,5.409,45.0,745488.0,54594,98.98,0.006,192,40.0,78,12.0,8143.15,0,0.942,1,654.0,3881296.0,democracy,20691.82,0.102,12152.67
SWI,598,0.13,3331928,0.16,17.948,0.134,333,0.05,12.898,20.0,-13.506,-12.1,0.546,1472,119250,56.83,462061.0,3.6,0.832,171.4,581311.0,60750,99.3,0.005,183,40.0,0,10.0,431482.443,0,0.98,1,598.0,3331928.0,democracy,444835.173,0.028,13260.73
DAI,550,0.12,9689240,0.46,5.676,4.905,104,0.0,0.0,0.0,0.0,0.0,0.526,1357,0,0.0,1761393.0,10.91,0.0,0.0,1761393.0,0,46.77,3.792,62,12.0,55,10.0,2.252,0,1.0,2,275.0,4844620.0,absolute_monarchy,11213.322,0.041,10809.07
TAI,520,0.11,5652156,0.27,9.2,0.071,96,0.0,0.0,0.0,-2.406,-38.5,0.259,1004,13266,28.2,1204167.0,0.07,0.0,0.0,1217433.0,16734,13.22,0.232,63,14.0,14,12.0,735287.701,0,1.0,1,520.0,5652156.0,fascist_dictatorship,735730.701,0.078,0.0
GUA,510,0.11,5205544,0.25,9.797,22.331,129,0.0,6.417,100.0,-5.269,-53.2,0.367,1721,9223,23.82,812845.0,2.18,0.623,2.6,822068.0,10777,87.87,0.343,57,40.0,0,16.0,1915.14,0,1.0,1,510.0,5205544.0,fascist_dictatorship,2283.87,0.07,4.73
JAM,507,0.11,1562780,0.07,32.442,0.107,47,0.0,0.0,0.0,0.0,0.0,0.206,853,0,100.0,305149.0,0.0,0.0,0.0,305149.0,0,100.0,1.709,200,40.0,0,34.0,471381.594,0,1.0,1,507.0,1562780.0,hms_government,471802.594,0.269,0.0
SER,507,0.11,2294752,0.11,22.094,22.153,84,0.04,0.0,0.0,5.435,16.1,0.386,1068,16104,53.27,448195.0,0.0,2.199,34.1,464299.0,83896,91.38,0.014,132,40.0,0,4.0,1635.917,0,0.986,2,253.5,1147376.0,democracy,2288.667,0.156,293.75
HON,450,0.1,3073052,0.15,14.643,3.187,48,0.0,0.0,0.0,-9.792,-100.0,0.257,1097,8583,83.01,581988.0,0.08,0.623,2.7,590571.0,31417,82.05,2.438,21,38.0,60,12.0,13831.934,0,1.0,1,450.0,3073052.0,proletarian_dictatorship,14117.674,0.092,1.74
IRE,352,0.08,2608136,0.12,13.496,0.214,191,0.0,77.535,41.67,-17.182,-83.3,0.375,740,117314,6.37,459674.0,2.59,0.453,85.3,576988.0,212686,96.98,0.024,165,40.0,29,34.0,164320.982,0,0.991,4,88.0,652034.0,democracy,164408.282,0.007,69.3
CNG,342,0.07,12052464,0.57,2.838,0.006,27,0.0,0.0,0.0,0.0,0.0,0.664,1323,0,0.0,1716119.0,37.28,0.0,0.0,1716119.0,0,40.84,5.858,63,4.0,0,0.0,5409467.343,63,0.997,3,114.0,4017488.0,absolute_monarchy,5409914.623,0.037,0.28
FIN,322,0.07,1336952,0.06,24.085,0.148,1206,0.14,161.821,40.0,-14.401,-9.6,0.454,1702,90744,0.0,201031.0,0.69,0.0,0.0,291775.0,469256,97.08,0.002,78,40.0,13,32.0,9291.897,0,0.997,4,80.5,334238.0,proletarian_dictatorship,217449.137,0.034,208111.24
BOL,290,0.06,3395600,0.16,8.54,23.975,13,0.0,0.0,0.0,0.0,0.0,0.311,947,0,100.0,703002.0,5.11,0.0,0.0,703002.0,140000,25.76,4.941,98,38.0,0,8.0,0.247,0,1.0,4,72.5,848900.0,proletarian_dictatorship,1209.607,0.052,1033.36
RAJ,263,0.06,6361024,0.3,4.135,0.064,82,0.0,0.0,0.0,0.0,0.0,0.559,650,0,0.0,907888.0,27.73,0.0,0.0,907888.0,0,74.46,2.532,18,6.0,0,0.0,412807.877,0,1.0,1,263.0,6361024.0,absolute_monarchy,413055.877,0.039,0.0
ECU,263,0.06,1996076,0.1,13.176,2.0,10,0.0,0.0,0.0,0.0,0.0,0.491,471,0,100.0,408771.0,0.94,0.0,0.0,408771.0,40000,72.21,2.2,93,40.0,14,8.0,12926.951,0,1.0,1,263.0,1996076.0,democracy,13146.971,0.094,32.02
ETH,255,0.06,13140920,0.63,1.941,0.678,59,0.0,0.0,0.0,0.0,0.0,0.742,806,0,0.0,2939091.0,2.25,0.0,0.0,2939091.0,0,14.98,3.388,30,8.0,29,6.0,37075.335,0,0.992,5,51.0,2628184.0,absolute_monarchy,37633.405,0.036,86.07
LIT,247,0.05,1672080,0.08,14.772,0.052,57,0.19,0.0,0.0,13.428,52.0,0.508,536,10943,43.15,334711.0,4.52,8.094,147.1,345654.0,49057,54.04,0.007,164,40.0,9,14.0,472757.254,0,0.931,1,247.0,1672080.0,democracy,472943.804,0.09,36.55
LAT,240,0.05,2414000,0.12,9.942,0.058,154,0.16,0.0,0.0,-1.008,-4.4,0.463,538,30903,58.22,418492.0,7.77,2.404,25.6,449395.0,99097,92.74,0.005,42,40.0,0,14.0,414061.919,0,0.942,1,240.0,2414000.0,democracy,414240.409,0.07,8.49
PRG,240,0.05,2009664,0.1,11.942,2.826,153,0.07,8.979,28.57,-2.205,-8.3,0.535,781,29070,11.65,306874.0,3.18,1.591,128.3,335944.0,100930,80.3,0.007,131,40.0,0,4.0,8167.224,0,0.971,2,120.0,1004832.0,fascist_dictatorship,8492.564,0.063,199.34
BUL,209,0.05,908956,0.04,22.993,6.578,6,0.0,0.0,0.0,0.0,0.0,0.237,380,0,100.0,193571.0,4.26,0.0,0.0,193571.0,40000,58.05,1.83,39,40.0,21,12.0,2787.379,0,1.0,1,209.0,908956.0,hms_government,3177.459,0.167,238.08
URU,203,0.04,1839628,0.09,11.035,22.38,10,0.0,0.0,0.0,0.0,0.0,0.407,569,0,100.0,323800.0,4.15,0.0,0.0,323800.0,40000,84.26,3.206,11,40.0,2,16.0,0.0,0,1.0,1,203.0,1839628.0,democracy,907.08,0.072,774.08
PNB,198,0.04,1835536,0.09,10.787,0.051,7,0.0,0.0,0.0,0.0,0.0,0.403,339,8940,67.93,364269.0,5.64,0.0,0.0,373209.0,51060,19.01,1.77,39,40.0,30,8.0,385430.297,0,1.0,1,198.0,1835536.0,democracy,385542.297,0.061,0.0
ELS,196,0.04,1437556,0.07,13.634,2.527,10,0.0,4.192,33.33,-3.395,-61.3,0.213,384,8413,74.5,282635.0,0.38,0.474,8.0,291048.0,41587,69.78,0.164,11,40.0,0,14.0,7649.261,0,1.0,1,196.0,1437556.0,democracy,7757.101,0.074,0.84
GEO,194,0.04,1305576,0.06,14.859,0.046,27,0.0,0.0,0.0,-5.663,-76.1,0.436,316,16022,14.31,247770.0,9.06,0.0,-1.1,263792.0,73978,39.44,0.057,32,40.0,12,14.0,418445.29,0,1.0,1,194.0,1305576.0,absolute_monarchy,418685.47,0.064,156.18
LIB,191,0.04,1751340,0.08,10.906,1.442,53,0.0,0.0,0.0,-13.707,-81.3,0.506,372,8876,18.65,342564.0,1.67,0.452,64.0,351440.0,41124,32.22,0.058,25,34.0,20,2.0,13131.233,0,1.0,1,191.0,1751340.0,fascist_dictatorship,13241.033,0.061,2.8
YNN,189,0.04,8386640,0.4,2.254,0.003,90,0.0,19.292,50.0,-10.373,-40.9,0.345,1772,27653,41.92,1758649.0,1.31,0.0,0.0,1786302.0,22347,15.49,0.058,322,26.0,0,10.0,5537880.382,538,1.0,1,189.0,8386640.0,fascist_dictatorship,5538494.702,0.073,0.32
GUY,187,0.04,762440,0.04,24.527,0.141,84,0.29,0.0,0.0,16.914,40.9,0.587,373,14811,72.96,106342.0,2.94,7.133,1923.9,121153.0,55189,82.12,0.003,55,40.0,6,32.0,132393.461,0,0.893,1,187.0,762440.0,democracy,132532.711,0.182,0.25
TNZ,186,0.04,6329924,0.3,2.938,0.056,10,0.0,0.0,0.0,0.0,0.0,0.294,508,0,0.0,1297495.0,9.98,0.0,0.0,1297495.0,0,53.62,3.562,10,6.0,19,0.0,330891.737,0,1.0,3,62.0,2109974.0,democracy,331045.857,0.024,0.12
MCK,178,0.04,5360860,0.26,3.32,133.736,10,0.0,0.0,0.0,-0.696,-36.6,0.119,464,675,22.86,1199878.0,0.0,0.207,0.0,1200553.0,39325,20.24,0.337,0,18.0,0,12.0,0.088,0,1.0,1,178.0,5360860.0,prussian_constitutionalism,133.098,0.025,0.01
AFG,177,0.04,5600508,0.27,3.16,45.592,20,0.0,0.0,0.0,0.0,0.0,0.49,502,0,0.0,1226800.0,0.0,0.0,0.0,1226800.0,0,20.37,3.345,33,6.0,0,0.0,253.178,0,0.994,2,88.5,2800254.0,absolute_monarchy,388.228,0.024,0.05
ASM,164,0.04,4230012,0.2,3.877,0.037,23,0.0,0.0,0.0,0.0,0.0,0.51,371,0,0.0,959433.0,0.0,0.0,0.0,959433.0,0,51.15,2.41,15,6.0,0,0.0,443258.381,0,1.0,1,164.0,4230012.0,absolute_monarchy,443396.381,0.033,0.0
GHN,159,0.03,6987508,0.33,2.275,0.008,9,0.0,0.0,0.0,0.0,0.0,0.432,1002,0,0.0,1357382.0,12.55,0.0,0.0,1357382.0,0,63.84,1.678,1,0.0,51,0.0,2025180.023,439,0.994,2,79.5,3493754.0,democracy,2025924.023,0.106,0.0
XBI,157,0.03,1836724,0.09,8.548,0.567,5,0.0,0.0,0.0,-1.105,-31.4,0.355,255,693,67.37,433143.0,0.0,0.0,0.0,433836.0,19307,17.07,0.099,36,12.0,0,10.0,27581.44,0,1.0,1,157.0,1836724.0,absolute_monarchy,27679.44,0.053,0.0
BUK,149,0.03,5582144,0.27,2.669,85.065,11,0.0,0.0,0.0,0.0,0.0,0.485,344,0,0.0,1309684.0,0.46,0.0,0.0,1309684.0,0,8.05,2.414,22,6.0,0,0.0,19.69,0,0.98,4,37.25,1395536.0,absolute_monarchy,175.16,0.022,31.47
KNY,107,0.02,2677428,0.13,3.996,0.023,5,0.0,0.0,0.0,0.0,0.0,0.345,226,0,0.0,538505.0,12.92,0.0,0.0,538505.0,0,57.24,2.343,0,2.0,4,0.0,470311.951,0,0.991,2,53.5,1338714.0,democracy,470400.971,0.033,0.02
AZB,106,0.02,783580,0.04,13.528,0.024,70,0.0,12.37,66.67,-7.703,-35.4,0.247,204,21901,2.46,122166.0,22.18,0.0,-2.9,144067.0,38099,36.14,0.005,9,40.0,0,14.0,433988.102,0,1.0,1,106.0,783580.0,democracy,434086.102,0.125,0.0
CRI,80,0.02,624236,0.03,12.816,0.026,5,0.0,0.0,0.0,-0.232,-11.0,0.431,150,316,91.95,111415.0,16.87,0.0,-0.1,111731.0,39684,45.99,0.077,19,40.0,12,14.0,305031.241,0,1.0,1,80.0,624236.0,democracy,305307.921,0.096,216.68
KAZ,77,0.02,2720572,0.13,2.83,0.015,20,0.0,0.0,0.0,0.0,0.0,0.466,250,0,100.0,557643.0,8.15,0.0,0.0,557643.0,0,25.68,3.139,0,0.0,0,0.0,501250.548,24,0.974,3,25.667,906857.0,democracy,501363.518,0.041,0.97
EST,72,0.02,949556,0.05,7.582,0.017,9,0.0,0.0,0.0,-1.207,-49.7,0.374,227,1287,92.84,165172.0,11.51,0.0,-0.0,166459.0,48713,93.42,0.176,74,40.0,11,14.0,421906.359,0,1.0,1,72.0,949556.0,democracy,421940.359,0.036,0.0
CRS,67,0.01,448544,0.02,14.937,0.78,7,0.0,0.0,0.0,0.0,0.0,0.145,92,0,100.0,94963.0,0.0,0.0,0.0,94963.0,30000,76.87,1.357,0,40.0,0,22.0,8080.901,0,1.0,1,67.0,448544.0,democracy,8584.671,0.103,457.77
MON,65,0.01,508260,0.02,12.789,0.568,8,0.0,0.0,0.0,-0.418,-24.5,0.185,158,724,87.62,92907.0,5.34,0.629,1.0,93631.0,39276,77.45,0.06,12,40.0,6,12.0,11384.355,0,1.0,1,65.0,508260.0,fascist_dictatorship,11434.355,0.098,0.0
HAI,65,0.01,912980,0.04,7.12,16.868,3,0.0,0.0,0.0,0.0,0.0,0.279,253,0,100.0,192366.0,0.0,0.0,0.0,192366.0,20000,53.69,4.215,12,38.0,21,0.0,346.341,0,1.0,1,65.0,912980.0,fascist_dictatorship,385.341,0.043,0.0
MLY,63,0.01,1450908,0.07,4.342,0.004,47,0.0,0.0,0.0,-7.92,-46.3,0.501,315,14977,70.55,268892.0,0.54,0.0,-0.4,283869.0,45023,98.47,0.017,12,2.0,27,0.0,1531176.23,93,0.984,2,31.5,725454.0,presidential_dictatorship,1531889.29,0.131,523.06
DOM,60,0.01,1053572,0.05,5.695,0.471,18,0.0,0.0,0.0,-6.513,-90.7,0.166,204,1682,85.48,215466.0,0.0,0.0,0.0,217148.0,38318,17.99,0.28,0,36.0,6,8.0,12700.885,0,1.0,1,60.0,1053572.0,presidential_dictatorship,12737.905,0.035,0.02
BER,50,0.01,3390024,0.16,1.475,67.906,49,0.0,0.0,0.0,0.0,0.0,0.426,629,0,0.0,570237.0,1.76,0.0,0.0,570237.0,0,22.38,12.414,0,4.0,0,2.0,27.631,0,1.0,1,50.0,3390024.0,absolute_monarchy,73.631,0.014,0.0
CHD,44,0.01,1903700,0.09,2.311,0.009,9,0.0,0.0,0.0,0.0,0.0,0.301,129,0,0.0,399243.0,6.52,0.0,0.0,399243.0,0,57.96,3.195,0,4.0,0,0.0,482074.274,0,0.977,2,22.0,951850.0,democracy,482108.384,0.018,0.11
NGR,43,0.01,9244796,0.44,0.465,0.01,49,0.0,0.0,0.0,0.0,0.0,0.93,562,0,0.0,91204.0,95.4,0.0,0.0,91204.0,0,45.49,13.281,0,2.0,22,0.0,413029.303,0,1.0,1,43.0,9244796.0,democracy,413067.303,0.004,0.0
EGY,39,0.01,388400,0.02,10.041,0.022,29,0.0,0.0,0.0,-3.57,-13.8,0.353,115,4948,26.52,66566.0,12.19,0.227,1103.4,71514.0,15052,69.74,0.005,8,34.0,6,14.0,179536.806,0,1.0,1,39.0,388400.0,prussian_constitutionalism,179605.526,0.09,33.72
MGL,36,0.01,1329008,0.06,2.709,37.501,3,0.0,0.0,0.0,0.0,0.0,0.419,79,0,0.0,312971.0,0.0,0.0,0.0,312971.0,0,8.16,2.945,0,4.0,0,0.0,0.087,0,1.0,2,18.0,664504.0,absolute_monarchy,95.997,0.023,65.91
SLE,34,0.01,4196016,0.2,0.81,0.008,4,0.0,0.0,0.0,0.0,0.0,0.76,205,0,0.0,240000.0,75.33,0.0,0.0,240000.0,0,33.76,6.096,0,2.0,6,0.0,435553.587,0,1.0,1,34.0,4196016.0,democracy,435584.587,0.007,0.0
COS,34,0.01,995868,0.05,3.414,0.004,83,0.0,0.0,0.0,-5.467,-39.4,0.557,478,36555,53.37,137073.0,0.34,0.0,0.0,173628.0,93445,97.1,0.01,51,40.0,42,14.0,812883.726,150,1.0,1,34.0,995868.0,democracy,813131.466,0.137,111.74
TOG,31,0.01,933448,0.04,3.321,0.006,0,0.0,0.0,0.0,0.0,0.0,0.287,73,0,0.0,178455.0,17.6,0.0,0.0,178455.0,0,29.18,2.312,0,0.0,4,0.0,479943.146,0,1.0,1,31.0,933448.0,democracy,479970.156,0.029,0.01
JOD,29,0.01,978032,0.05,2.965,126.081,34,0.0,0.0,0.0,0.0,0.0,0.324,121,0,0.0,199830.0,0.0,0.0,0.0,199830.0,0,48.31,5.865,0,6.0,0,0.0,0.001,0,1.0,1,29.0,978032.0,absolute_monarchy,23.001,0.024,0.0
LBY,27,0.01,2031448,0.1,1.329,0.006,1,0.0,0.0,0.0,0.0,0.0,0.529,85,0,0.0,283835.0,41.42,0.0,0.0,283835.0,0,14.31,3.572,0,0.0,4,0.0,487879.829,0,0.963,2,13.5,1015724.0,absolute_monarchy,487903.859,0.012,0.03
NEW,27,0.01,312504,0.01,8.64,0.919,10,0.04,0.0,0.0,-4.066,-82.3,0.565,65,14821,51.99,31642.0,11.56,0.453,55.2,46463.0,45179,99.68,0.037,0,40.0,0,32.0,2735.057,0,1.0,1,27.0,312504.0,hms_government,2936.997,0.029,192.94
MYS,26,0.01,1228948,0.06,2.116,5.988,2,0.0,0.0,0.0,0.0,0.0,0.172,98,0,0.0,275286.0,0.0,0.0,0.0,275286.0,0,29.64,3.807,2,6.0,0,0.0,413.203,0,1.0,1,26.0,1228948.0,absolute_monarchy,434.203,0.017,0.0
MLW,25,0.01,650184,0.03,3.845,0.005,5,0.0,0.0,0.0,0.0,0.0,0.25,67,0,0.0,144036.0,0.0,0.0,0.0,144036.0,0,46.99,2.795,0,2.0,0,0.0,505288.681,0,1.0,1,25.0,650184.0,democracy,505311.681,0.035,0.0
PNM,24,0.01,97488,0.0,24.618,0.008,0,0.0,0.0,0.0,0.0,0.0,0.305,50,0,100.0,16473.0,0.0,0.0,0.0,16473.0,40000,85.44,2.004,0,40.0,11,32.0,279358.463,0,1.0,1,24.0,97488.0,democracy,299726.743,0.133,20355.28
LUA,19,0.0,522220,0.02,3.638,5.969,5,0.0,0.0,0.0,0.0,0.0,0.392,48,0,100.0,94135.0,18.49,0.0,0.0,94135.0,0,11.78,2.438,0,6.0,0,0.0,1.541,0,1.0,1,19.0,522220.0,absolute_monarchy,318.331,0.031,300.79
HAW,17,0.0,94964,0.0,17.902,1.076,0,0.0,0.0,0.0,0.0,0.0,0.164,33,0,100.0,19302.0,0.0,0.0,0.0,19302.0,20000,100.0,1.898,0,40.0,0,32.0,1557.096,0,1.0,1,17.0,94964.0,proletarian_dictatorship,1579.766,0.095,13.67
MLT,14,0.0,243888,0.01,5.74,0.024,2,0.0,0.0,0.0,0.0,0.0,0.398,34,0,100.0,20000.0,42.08,0.0,0.0,20000.0,40000,100.0,2.365,0,40.0,5,34.0,58487.966,0,1.0,1,14.0,243888.0,hms_government,58496.966,0.037,0.0
BIK,14,0.0,857180,0.04,1.633,1.407,1,0.0,0.0,0.0,0.0,0.0,0.094,54,0,0.0,192126.0,0.0,0.0,0.0,192126.0,0,36.23,3.621,2,6.0,0,0.0,983.275,0,1.0,1,14.0,857180.0,absolute_monarchy,995.275,0.014,0.0
OMA,12,0.0,210336,0.01,5.705,0.592,0,0.0,0.0,0.0,0.0,0.0,0.455,25,0,0.0,42825.0,0.0,0.0,0.0,42825.0,0,16.24,3.032,0,34.0,0,14.0,0.0,0,0.917,3,4.0,70112.0,absolute_monarchy,2025.41,0.033,2018.41
TIB,11,0.0,592308,0.03,1.857,62.348,2,0.0,0.0,0.0,0.0,0.0,0.548,51,0,0.0,115005.0,0.0,0.0,0.0,115005.0,0,22.68,5.237,0,4.0,0,0.0,8.283,0,1.0,1,11.0,592308.0,absolute_monarchy,17.643,0.015,0.36
ABU,9,0.0,46376,0.0,19.407,3.5,0,0.0,0.0,0.0,0.0,0.0,0.144,19,0,100.0,10216.0,0.0,0.0,0.0,10216.0,20000,45.82,1.964,0,34.0,6,20.0,231.619,0,1.0,1,9.0,46376.0,fascist_dictatorship,257.149,0.108,20.53
TKM,8,0.0,332380,0.02,2.407,0.002,2,0.0,0.0,0.0,0.0,0.0,0.503,22,0,100.0,62189.0,16.74,0.0,0.0,62189.0,0,27.27,2.873,0,0.0,0,0.0,489818.457,0,1.0,1,8.0,332380.0,democracy,489826.547,0.021,1.09
GMJ,8,0.0,14895412,0.71,0.054,0.002,61,0.0,0.0,0.0,0.0,0.0,0.983,661,0,100.0,0.0,100.0,0.0,0.0,0.0,40000,15.21,17046.176,0,16.0,0,12.0,426645.385,0,1.0,2,4.0,7447706.0,presidential_dictatorship,426660.385,0.001,0.0
KHI,6,0.0,638844,0.03,0.939,6.336,4,0.0,0.0,0.0,0.0,0.0,0.238,57,0,100.0,125837.0,8.2,0.0,0.0,125837.0,0,15.12,9.042,0,4.0,0,0.0,0.0,0,1.0,2,3.0,319422.0,absolute_monarchy,94.69,0.006,90.69
KOK,6,0.0,269900,0.01,2.223,4.177,0,0.0,0.0,0.0,0.0,0.0,0.092,11,0,0.0,66269.0,0.0,0.0,0.0,66269.0,0,4.12,1.599,0,4.0,0,0.0,0.0,0,1.0,1,6.0,269900.0,absolute_monarchy,143.64,0.019,138.64
BHR,3,0.0,28676,0.0,10.462,0.038,0,0.0,0.0,0.0,0.0,0.0,0.161,4,0,100.0,6712.0,0.0,0.0,0.0,6712.0,30000,42.52,1.096,0,34.0,0,14.0,7902.773,0,1.0,1,3.0,28676.0,prussian_constitutionalism,7984.373,0.07,79.6
BHU,3,0.0,179980,0.01,1.667,1.454,0,0.0,0.0,0.0,0.0,0.0,0.986,9,0,0.0,41893.0,0.0,0.0,0.0,41893.0,0,9.48,2.948,0,4.0,0,0.0,0.0,0,1.0,1,3.0,179980.0,absolute_monarchy,206.39,0.928,39.39
WIA,2,0.0,146300,0.01,1.367,0.0,0,0.0,0.0,0.0,0.0,0.0,0.197,8,0,100.0,32000.0,3.88,0.0,0.0,32000.0,0,30.34,2.81,0,0.0,0,0.0,500483.011,0,1.0,1,2.0,146300.0,absolute_monarchy,500485.011,0.014,0.0
BLZ,1,0.0,98220,0.0,1.018,0.001,0,0.0,0.0,0.0,0.0,0.0,1.0,28,0,100.0,2681.0,1.32,0.0,0.0,2681.0,50000,100.0,15.142,0,40.0,5,32.0,82415.964,0,1.0,1,1.0,98220.0,democracy,82830.844,0.0,414.88
TNT,1,0.0,33108,0.0,3.02,0.314,0,0.0,0.0,0.0,0.0,0.0,0.973,1,0,0.0,8126.0,0.0,0.0,0.0,8126.0,0,1.0,0.87,0,4.0,0,0.0,0.0,0,1.0,1,1.0,33108.0,absolute_monarchy,318.72,1.057,283.72
SIK,0,0.0,18484,0.0,0.0,0.0,0,0.0,0.0,0.0,0.0,0.0,0.989,0,0,0.0,4488.0,0.0,0.0,0.0,4488.0,0,1.0,0.0,0,2.0,0,0.0,0.004,0,0.0,1,0.0,18484.0,absolute_monarchy,147.714,1.623,117.71
